x,y,z,label
2.6766598,-0.7299046,-1.0655459,4
3.0109618,0.3707576,-0.6224826,4
2.6121168,0.76430094,-0.92220825,4
2.6958249,5.9240766,-1.7958091,5
1.6569268,7.25571,-1.6309882,5
1.7632451,7.101624,-1.7015165,5
8.941586,-1.0767927,3.4647436,0
8.849939,-0.85748166,3.6808841,0
8.879267,-0.9138243,3.7647746,0
5.4632635,-1.4791082,0.26661843,4
5.9037457,-1.2128285,0.69524574,4
6.0356545,-0.8569432,0.49486694,4
1.6743662,6.7817864,-1.6922356,5
1.2833256,6.8799157,-1.6519601,5
1.4310023,6.9862823,-1.6173047,5
-4.6646414,5.0889177,1.3993841,6
-5.762734,3.424308,1.897448,6
-5.496166,4.319065,1.8052067,6
8.394109,0.021189984,1.94071,0
8.280066,-0.10499596,1.8483071,0
8.422671,-0.4903098,2.2557082,0
9.22792,-0.09796841,2.1126633,0
9.033942,-0.18438499,1.9921113,0
9.1173115,-0.0118446415,2.166709,0
-3.4673622,-5.35552,-4.0387073,3
-2.8044252,-5.8069015,-4.440258,3
-3.352288,-5.8561635,-3.9010446,3
4.671759,-2.5584815,-1.3522792,4
8.148519,-1.6038637,1.6164963,4
8.825491,-1.1753247,1.8752341,4
-5.1275926,4.2478623,2.106594,1
-5.914517,3.532706,2.4402318,1
-5.3706837,4.6624584,2.2165384,1
1.9257052,5.9336963,-1.4396186,5
1.4203016,7.2056336,-1.4387695,5
1.2441273,7.2079315,-1.3905107,5
-6.868053,0.9423322,2.5078206,6
-6.5713224,0.74909365,2.3096862,6
-7.001738,0.43515095,2.4280522,6
9.000857,-0.2757882,4.380926,0
9.045647,-0.05376534,4.3487005,0
9.027288,-0.02851729,4.3711367,0
0.770897,-5.1290636,-3.5607708,3
-0.0018790235,-5.352872,-3.1428566,3
0.40439105,-5.384842,-3.2305417,3
3.705171,1.192909,-2.1504998,4
3.0424361,2.008248,-2.49468,4
3.289212,1.3566912,-2.2080727,4
-0.8675538,3.3267531,-0.45633224,5
-1.2680753,4.3078403,-0.80440617,5
-1.0453634,4.4456744,-0.85640377,5
-5.626951,1.9497203,1.4061097,6
-5.7976766,1.78967,1.3803061,6
-5.686234,2.4915092,1.4076668,6
7.521506,-2.4364567,1.856602,0
6.857533,-2.8266735,1.6010631,0
7.0317,-2.6835232,1.6431769,0
9.220029,-1.7642976,2.518366,0
8.945778,-1.8895333,1.9653214,0
9.0537815,-1.7972175,2.1906388,0
-2.1341753,1.3375552,-1.513614,4
-1.0600238,3.4100213,-2.1579864,4
-1.8672467,4.110296,-1.3054035,4
-1.0599767,-3.2045963,-0.029492985,4
0.74463207,-2.7082899,-0.44742614,4
-0.41577372,-3.0365956,-0.34588972,4
-5.0031266,6.0542626,1.8920894,1
-5.2267275,5.788508,2.010213,1
-5.4006033,5.569631,2.109227,1
0.06026789,7.537282,-1.3291197,5
-0.8029363,7.3593855,-1.0494177,5
-0.76800925,7.4053326,-1.0273134,5
8.811963,-1.4883178,3.561294,0
8.966681,-1.0930365,4.120839,0
8.8449,-1.5789145,4.108965,0
-2.954583,-3.775192,-4.3542533,4
-3.3509924,-3.4262764,-4.2290683,4
-3.3005137,-3.1118298,-4.314379,4
-5.912005,1.387185,2.2679589,1
-6.1350455,1.398603,2.287273,1
-6.4455957,1.2622709,2.479917,1
-1.9404435,0.3397498,0.11383287,5
-3.1799662,0.0373462,0.16321239,5
-2.6958702,0.89859104,-0.0067389244,5
-6.6927934,-3.628447,1.4490429,6
-6.812974,-3.9618123,1.4202342,6
-6.9175997,-3.8365207,1.3697132,6
8.714869,-1.804891,2.8412237,0
8.583287,-1.8295351,2.0571544,0
8.550877,-2.141124,2.4561894,0
7.637551,-2.894188,3.9335208,0
7.5854707,-2.8073585,3.3269205,0
6.9308724,-3.3814826,3.0666287,0
1.9755123,-2.2177336,-6.8116055,3
1.330456,-2.4091861,-6.548201,3
1.8246009,-1.8924913,-6.821037,3
-6.30797,3.3907573,2.2982166,1
-6.610839,3.113117,2.2598357,1
-6.638076,2.866187,2.2232468,1
-1.4588958,6.7951035,-0.6477136,5
-0.69017154,6.472598,-0.8576762,5
-0.80259556,6.3797007,-0.8227611,5
-6.4268084,0.14239535,1.908198,6
-7.0185213,-0.81063104,2.0562735,6
-6.828286,-0.3537286,2.1596632,6
9.171153,-1.0220546,3.0560987,0
9.141005,-0.8565323,3.3484442,0
9.20078,-0.6686324,3.1552665,0
-3.708297,1.803248,0.24436438,5
-3.266539,2.5287225,-0.109522395,5
-3.458615,2.9552574,0.032175828,5
-6.91222,-3.8997936,0.5495282,6
-7.3344955,-2.8078454,1.2394623,6
-7.294034,-3.0241385,1.2606597,6
7.506028,-2.9414406,1.6992214,0
7.106136,-3.0935955,1.6099308,0
7.364873,-2.744868,0.6450824,0
-3.962724,5.7663736,1.2459508,1
-4.231267,5.3081517,1.3785549,1
-3.3588645,6.4689503,0.90621996,1
-0.24610582,7.628235,-1.2459747,5
-0.8765202,7.6855707,-1.0943906,5
-0.29711002,7.380824,-1.3650306,5
-6.4159403,2.914099,2.089358,6
-6.5538464,2.6973047,2.2159233,6
-6.4273534,2.7626257,2.1904018,6
7.886645,0.901123,1.1441095,0
7.5947366,1.0326434,1.0307022,0
7.4752364,1.4177183,0.8149694,0
-0.75804335,-5.6862245,-5.9185567,3
-0.38577774,-5.3475285,-5.9531446,3
0.060730223,-5.4146833,-6.063754,3
-5.3281546,-4.2094126,1.7382609,2
-5.8394322,-4.1157775,2.127801,2
-5.833877,-3.8543086,2.0995111,2
-0.06325761,5.552224,-1.3491861,5
-0.8862629,5.999898,-1.114786,5
-0.5816062,5.9700794,-1.2899544,5
-0.63717246,5.9985065,-1.8289319,5
-1.1130947,5.519976,-1.6767457,5
-0.760358,5.813231,-1.6722347,5
8.623659,-0.50434583,1.159504,0
9.077812,-0.85385334,2.1245532,0
8.588269,-0.5438237,1.2607675,0
8.309671,-1.1189904,1.7869617,0
8.060401,-0.6579694,0.83531404,0
8.566268,-0.58730984,1.4155182,0
3.476205,-2.7058198,-1.8092222,3
3.820346,-1.5931412,-1.4758582,3
2.5569537,-2.4620683,-1.8814833,3
1.8388922,-3.1276941,-3.0112345,4
0.9159648,-3.5220997,-2.873476,4
1.127713,-3.3234513,-2.8142984,4
-2.6720488,5.6967487,0.8642537,1
-4.075087,5.636278,1.3014122,1
-3.6558423,5.7032657,1.1411583,1
1.8333815,5.351117,-1.2356503,5
1.5838054,5.556062,-1.4375539,5
1.5920763,5.970762,-1.5298045,5
9.461076,0.28307167,2.505593,0
8.97938,0.9668754,0.90389895,0
9.03781,0.58640826,1.4310036,0
9.315002,-0.66951066,2.3138566,0
8.835649,-0.8684578,1.69634,0
8.845358,-0.944718,0.5811251,0
-2.8467364,-5.0759535,-3.9268448,3
-3.03414,-5.756328,-3.9763808,3
-2.9532459,-5.9044023,-4.20138,3
-3.78616,-5.526954,-2.6879587,3
-3.2123346,-4.8660245,-2.7856655,3
-3.1576767,-4.7685175,-2.4708257,3
-3.667698,-2.4349597,-1.2954721,4
-4.8597174,-2.8761957,-0.7936619,4
-5.098895,-2.8628385,-0.65852535,4
-3.3273785,4.5823827,0.7445433,1
-4.665426,3.8678122,1.4259803,1
-4.2320204,3.979969,1.1849002,1
0.7205828,4.4884367,-1.1813632,5
-0.15440667,4.743914,-1.0675321,5
0.33271334,5.4954333,-1.2736785,5
-6.744337,-0.9842191,2.2239003,6
-6.8389683,-1.0877672,2.2945752,6
-6.860235,-0.83636826,2.3743122,6
9.269427,-0.75366163,3.4874055,0
9.224214,-0.62105876,3.7040265,0
9.200476,-0.62635434,3.627755,0
-4.8907814,-3.0202172,-2.2046032,4
-4.3275685,-1.4472427,-2.2312536,4
-4.9926133,-1.7686913,-2.0032895,4
-5.090371,5.5679474,1.945728,1
-4.638381,6.073242,1.7498198,1
-4.4733405,6.1221967,1.6395324,1
-1.3391571,7.4597507,-0.0571226,5
-1.9601766,7.0816493,0.14770754,5
-1.3007696,7.1693373,-0.15263383,5
-6.5164037,-2.3850741,2.3364372,6
-6.633036,-2.1162195,2.6093442,6
-6.7036805,-1.6221985,2.7862794,6
9.5803795,-0.5637991,2.211589,0
9.451528,0.14119606,2.030258,0
9.507551,0.3028978,2.4589217,0
-0.57042724,-1.5880854,-3.2645984,4
-1.5471784,-1.0267743,-3.2028315,4
-1.3944265,-0.85748863,-3.2827866,4
-4.671344,1.964146,1.6368542,1
-5.0009937,1.8113831,1.7385485,1
-4.8649483,2.2972524,1.6923777,1
-0.26693687,3.6375237,-0.40558177,5
-0.83699214,4.714348,-0.658167,5
-1.2615699,4.0040455,-0.41704154,5
-6.4100566,-0.17625691,2.3511517,6
-6.5878873,0.13758484,2.3729758,6
-6.541262,0.47877494,2.4209888,6
8.663507,-2.2756748,1.3584806,0
8.384084,-2.6108043,1.4829564,0
8.24992,-2.5400906,1.099436,0
0.17841335,1.5858127,-2.1316833,4
-1.1308432,1.3398602,-1.9810196,4
-1.7720207,0.8946746,-1.9339224,4
-3.4956067,7.044925,1.0596496,1
-4.1527452,6.788258,1.4888773,1
-3.8144026,7.197531,1.2718594,1
1.9246376,6.7672825,-1.2287276,5
1.3304483,6.91351,-1.0940428,5
1.6978952,6.996773,-1.2141547,5
-7.1056023,-2.6441627,2.020224,6
-7.087548,-3.1226234,2.0367358,6
-7.153229,-2.7991786,2.0204275,6
-6.6755123,-1.9252251,1.5365127,6
-6.7214527,-0.94427854,1.8934041,6
-6.554035,-1.4917624,1.7956283,6
8.893098,-1.3342831,1.8992182,0
8.963409,-1.6768286,2.9533644,0
8.863633,-1.7080303,2.314518,0
0.9912387,-4.673714,-7.3100677,3
-0.012900775,-5.3158045,-6.9474807,3
0.70384336,-4.842878,-7.1337366,3
-2.7943258,-1.8949991,-2.7475445,4
-2.8859289,-1.6621474,-2.953945,4
-2.9965339,-0.92683876,-2.932535,4
-1.9694034,-0.7367088,-3.705219,4
-3.8061142,-0.48106697,-2.900318,4
-3.004907,0.716955,-3.0894113,4
-5.439471,1.643116,1.9986528,1
-5.726139,2.1713161,2.088833,1
-5.742932,2.1118538,2.0164738,1
-0.49293065,0.5914533,-1.5540632,5
-1.5615232,0.78243446,-1.6892749,5
-1.2301517,0.5225173,-1.6109992,5
6.837604,-0.26770246,-1.7762064,0
5.889335,0.275241,-2.8666577,0
5.538046,0.33135137,-3.2522578,0
2.6615417,0.5784114,-5.7103076,4
1.3079885,1.2763573,-5.0000954,4
1.8570392,1.371619,-5.7964764,4
-5.601947,4.883668,2.0218635,1
-6.0787106,3.4817247,2.1227987,1
-5.8992662,3.4699411,2.073461,1
1.2164236,4.6212716,-1.1505213,5
0.6465071,4.404069,-1.0365113,5
-1.1004989,4.6043086,-0.7382369,5
-6.1819105,-3.6704693,1.5839682,6
-6.366472,-3.7591467,1.6718863,6
-6.3541055,-3.548968,1.7372977,6
4.947935,0.98168945,-3.9795651,0
4.338225,0.63837135,-4.2074504,0
4.456468,0.64937186,-3.819963,0
-0.67820114,-2.55675,-4.123134,4
-1.1683351,-2.1290543,-3.5800562,4
-0.33557606,-1.4427997,-4.4389133,4
-6.34112,1.1984789,2.0752072,1
-6.4760485,1.7438545,2.219627,1
-6.4070334,1.5260427,2.1200688,1
-2.8556075,-1.331889,0.009828403,5
-3.7243621,-1.4667834,0.23852831,5
-3.881864,-0.7785298,0.34793666,5
-6.689795,-4.1254063,1.6794479,6
-6.8987556,-3.9909794,1.6933653,6
-6.9749084,-3.9540725,1.7074722,6
1.4194452,-6.1074567,0.14158507,0
0.06539775,-6.148366,-0.15500839,0
0.10217052,-6.494821,0.81757474,0
-3.97227,-6.3244762,-2.4046547,3
-2.4015932,-6.684647,-3.4043002,3
-3.2066982,-6.2829533,-3.5184991,3
2.0350955,-0.49325886,-1.5455258,4
2.751209,-0.779128,-1.6794045,4
1.1315714,0.79543483,-1.5948324,4
-5.142948,5.284143,2.046372,1
-5.277774,5.218449,2.0364988,1
-5.4991364,4.9560065,2.1923592,1
0.53915304,6.6622114,-1.6021628,5
-0.25276574,7.110504,-1.2256317,5
-0.15996218,6.8113027,-1.3050174,5
-7.4659715,-1.2966999,2.6471665,6
-7.5031257,-1.1296321,2.7715592,6
-7.5465355,-1.1465727,2.7866864,6
6.851939,-0.12109504,-1.847025,0
5.9787335,0.20767495,-2.4413176,0
6.2067146,0.1378303,-2.498865,0
8.854076,-1.085112,2.3219337,0
8.39382,-2.3817387,4.043047,0
8.690589,-0.93030167,1.8622358,0
-3.4419525,-3.8676229,-3.1314588,3
-2.7817335,-3.18669,-3.5050724,3
-0.8159929,-2.9318185,-4.318212,3
2.5044878,2.9079852,-4.703795,4
1.8953859,3.1429806,-4.590936,4
2.0068688,2.4804575,-4.777278,4
-6.1434693,2.4706547,2.640054,1
-5.845812,3.6114297,2.5111468,1
-5.723599,3.9145389,2.4481044,1
-0.14018156,7.021637,-0.97151434,5
-1.7878773,6.8436775,-0.34744042,5
-1.1985437,7.1120677,-0.59890395,5
-7.3091807,-2.3298001,1.7728056,6
-7.3548784,-2.3129334,2.0570471,6
-7.40485,-2.0984316,2.099907,6
7.1487503,-1.5698133,1.5133616,0
7.3888354,-1.5303856,1.8528819,0
7.8372045,-1.8312514,2.599112,0
1.2036127,-6.2980857,4.4582896,2
1.3743776,-6.1169024,5.045871,2
2.3252914,-5.9917445,5.0260386,2
8.41934,-2.1847348,2.5900652,4
7.874387,-2.1253672,2.690725,4
7.7814245,-2.112305,2.621523,4
2.6959019,6.4054437,-1.1226921,5
1.7540618,7.1784034,-0.99305046,5
2.3618681,6.9199567,-1.1691238,5
9.183143,-0.11780863,3.5668137,0
9.192111,-0.37751755,3.484601,0
9.165212,-0.5490192,3.4654007,0
-3.494369,-5.59528,2.2123206,2
0.90330535,-5.1452937,2.8354561,2
-3.7462642,-5.499905,2.2208354,2
-3.2509181,-5.98854,-3.182625,2
-2.778643,-5.5751143,-1.593114,2
-3.5376837,-6.053493,-1.9002821,2
-3.321828,7.2638097,1.0654384,1
-4.0292416,6.685575,1.327612,1
-3.143788,7.4188695,0.952853,1
9.172643,-1.1300106,3.3988872,0
9.17036,-0.5243837,2.7268534,0
9.224978,-0.40791345,2.8485692,0
6.273902,1.3333443,-2.1303058,4
6.036408,2.191087,-2.530045,4
5.901621,0.7521593,-2.4368243,4
-4.6574273,6.5077233,1.8759784,1
-4.9443774,6.2222195,1.977018,1
-4.9809923,6.124432,1.9280821,1
-1.3504354,6.005833,-0.19952375,5
-1.1418625,6.4173203,-0.38235667,5
-1.3972607,6.3385696,-0.19961505,5
8.713483,-2.4756796,3.6506476,0
9.110061,-0.9701724,3.8127568,0
9.011374,-1.7221442,3.5120056,0
-4.4940915,-6.124854,2.3526354,2
-4.4194827,-6.097102,2.547003,2
-4.3976464,-6.085246,2.4914546,2
-6.596435,-0.49584016,2.1690023,1
-6.2070427,-0.18493563,1.9301441,1
-6.4232497,-0.12043216,2.018123,1
0.3972577,6.8129544,-1.1296104,5
-0.41540316,7.0981917,-1.1302751,5
-0.3777908,7.1021767,-1.0412148,5
-6.504131,-0.30803335,1.9560007,6
-6.676251,0.16727358,2.2401578,6
-6.698813,-0.34158638,2.0551457,6
5.587546,-0.9738405,-2.0752459,0
5.3721395,-1.2589585,-2.2926903,0
5.5200887,-0.97057843,-2.121735,0
8.138767,-2.1209996,0.71469647,0
6.626195,-2.8630333,-1.7982103,0
7.4735923,-2.2296076,0.17576112,0
-2.9549599,-5.441086,4.504475,2
-2.6435292,-5.4115505,4.5580974,2
-2.852533,-5.4019065,4.55666,2
0.2697666,7.012128,-0.8697105,5
-0.38591346,7.3049674,-0.71636796,5
-0.3309673,7.0379314,-0.7576717,5
-6.180779,3.6108723,2.1501818,6
-6.389753,3.2359252,2.2826407,6
-6.5958734,2.9180326,2.3398376,6
9.377377,0.23367213,2.3974154,0
9.1245165,0.5879874,1.8970865,0
9.194387,0.66762143,2.317566,0
7.521024,-1.4641266,2.2322924,0
8.423922,-1.6362771,3.2098413,0
8.013177,-1.6004351,2.779284,0
-5.577255,-5.793671,1.6118534,2
-5.9094176,-5.6058135,1.4364136,2
-5.927613,-5.5376196,1.3181747,2
-1.380138,3.1306677,-0.11151407,5
-2.4332247,3.7353806,0.1670951,5
-2.1473644,3.5317504,0.028881561,5
7.113944,-1.1623589,-1.4048871,0
5.8659763,-0.33841437,-2.548913,0
5.6612744,-0.14838524,-2.8129492,0
-2.574393,3.6876724,-0.014928207,5
-2.6428094,3.7702456,-0.11464956,5
-2.8067327,3.0034626,-0.19961652,5
-7.3615613,-0.1323336,2.319924,6
-7.4678893,-0.02823057,2.29018,6
-7.4261847,0.053980906,2.3015163,6
3.1297736,-3.2913692,-2.9259057,0
2.6640804,-3.455176,-3.2815378,0
2.811742,-3.7519403,-2.7943816,0
7.678482,-2.4097598,0.56556374,0
7.5416536,-2.7158463,0.3480349,0
7.923427,-2.8246646,1.4549735,0
-3.4981308,-6.944275,3.090747,2
-3.268924,-6.89008,3.181637,2
-3.4241176,-6.6338058,3.260055,2
-1.5620961,-4.4424405,-4.90258,4
0.3620286,-3.695798,-5.78435,4
-0.95809364,-4.494721,-5.415774,4
-4.446904,-5.7260337,-1.7280624,4
-4.2346153,-5.202537,-2.0694401,4
-4.606878,-5.400716,-1.6348956,4
-6.3391037,0.31000608,1.8288865,1
-6.665694,0.81230253,2.0144944,1
-6.529442,1.2928425,2.0727906,1
-4.105072,0.104804695,0.23894818,5
-5.3153,-1.2412348,0.6987459,5
-5.427105,-0.93990535,0.6478053,5
-6.941825,-3.8311977,1.3426613,6
-6.9483886,-3.7591,1.4418174,6
-7.0207243,-3.8121054,1.4909693,6
5.210478,-4.9993734,0.7570339,0
6.3107457,-4.6342044,1.7967496,0
5.3912964,-4.874159,0.919977,0
-5.3205795,-5.9022455,2.295747,2
-4.8413887,-5.880995,2.692486,2
-4.681044,-5.866053,3.0058827,2
-4.031675,5.019284,0.89992166,5
-5.0772576,4.4123383,1.4694895,5
-4.6349664,4.1088324,1.1279668,5
7.2664733,-1.3992624,1.3289887,0
7.833867,-0.95547664,2.0311406,0
7.870083,-1.2301241,2.3629906,0
-0.12104503,2.758629,-5.2209873,3
1.3154819,3.7895339,-5.5391903,3
0.8561483,4.0270166,-5.277347,3
-2.9060717,5.8338847,0.053640366,5
-3.3989701,5.3465915,0.25484315,5
-2.5967197,6.0403533,-0.09001872,5
7.4507113,0.06616858,-1.3641843,0
7.01538,0.16604917,-1.6201552,0
7.114553,0.17467187,-1.6103917,0
0.91609263,-5.4790626,-7.083024,3
1.1340319,-5.166685,-7.156139,3
0.33126542,-5.7731037,-6.772511,3
0.65186137,6.553557,-1.0070523,5
0.24428512,6.306393,-0.8655972,5
-0.20309152,6.364377,-0.75943804,5
8.1678505,-3.5813704,5.299571,0
8.312813,-2.7216454,5.7018127,0
7.68936,-3.9894214,5.6383953,0
-3.2501702,-6.9357686,-3.2031577,3
-3.2258468,-7.016213,-3.3533695,3
-2.6697226,-6.965335,-3.9308472,3
2.6651995,-1.9564681,-4.1908827,4
3.019904,-0.4295747,-4.30715,4
3.488908,0.1655278,-4.5294423,4
-3.4970138,2.0131001,-0.2654296,1
-3.5549521,3.527116,0.12229512,1
-2.3461475,3.8891273,-0.33307704,1
3.309611,2.5917995,-1.8220316,5
1.7537073,3.2927766,-1.6451021,5
1.8614061,1.5146743,-1.3927517,5
7.2273164,-3.9715643,5.1394033,0
7.8359146,-3.3500557,5.343789,0
7.7089834,-3.651951,5.291884,0
3.0690804,0.49348155,-7.127965,4
3.3344522,1.3986098,-6.4362264,4
3.2018712,0.868451,-6.5804257,4
2.4220502,6.068094,-0.9670638,5
2.0468676,4.823236,-0.9133475,5
1.497636,4.370962,-0.8012431,5
7.070661,-4.1188455,6.3229666,0
7.181012,-3.7351677,6.6326394,0
7.0057354,-3.9104424,6.7327433,0
8.675369,-1.3941637,5.3600087,0
8.575115,-1.4734379,5.5437875,0
8.515277,-1.5958083,5.6625543,0
-3.159103,-6.3538036,-3.7819111,3
-3.1799126,-6.370369,-3.674244,3
-2.0419443,-5.966475,-4.374485,3
-3.4749327,0.1855867,-0.81554854,1
-3.3206804,1.1433839,-0.63985765,1
-3.081548,1.1996443,-0.75496346,1
-5.8504357,-1.5613123,0.5369344,6
-5.9425955,-1.2324687,0.7705513,6
-6.365685,-2.1279912,0.8372461,6
8.336086,-3.7525659,3.3795156,0
8.375477,-3.8339267,4.7285624,0
8.524475,-3.2606895,4.2201695,0
-4.928695,-4.1258774,-3.3501723,3
-5.188157,-3.1527312,-2.7382984,3
-5.309353,-3.7212727,-2.5695698,3
-6.0087814,-4.6079473,-1.7027689,3
-5.9388146,-4.8424015,-1.6258171,3
-6.0049963,-4.9682875,-1.3843989,3
-3.0248065,3.4024377,0.42055872,1
-2.7331016,3.9856594,0.5132111,1
-2.8085046,3.930513,0.64078957,1
-6.99717,-2.849494,0.56178176,6
-7.2562523,-2.1540978,0.9376391,6
-7.311279,-2.4734948,0.84854096,6
8.115851,-3.6245315,2.9296374,0
8.746309,-2.1216774,4.325488,0
8.998531,-1.4627215,4.4561753,0
-3.6904392,-6.0660677,-4.074136,3
-4.428392,-6.225175,-2.999336,3
-4.952427,-5.8569903,-2.461122,3
-3.7525573,-5.708681,-1.6310318,2
-4.2118654,-5.569018,-1.7525854,2
-3.657148,-5.634111,-2.1919212,2
-0.6773905,-0.28565893,-3.7765536,4
-0.7391086,0.8380899,-4.2029266,4
-0.8336907,0.3731022,-4.3300953,4
-4.9628634,0.81337017,0.28626087,1
-4.7026196,1.8796585,0.3661315,1
-4.2024226,2.5010319,0.10927546,1
-3.5340953,-6.6141357,-3.6666234,3
-3.1781943,-6.4163747,-4.3020654,3
-3.159285,-6.434483,-4.3332133,3
-5.8241215,-2.2542455,0.049046267,1
-5.9613624,-2.529204,0.088615276,1
-6.1404567,-2.4044123,0.26407355,1
-0.5734682,3.344624,-0.44196022,5
-0.7216706,3.7828815,-0.770087,5
-0.57961607,4.3416963,-0.8643137,5
7.01404,-2.6842234,-4.274735,0
8.325263,-2.1224396,-1.8164312,0
7.9438725,-2.4617693,-1.9599887,0
-5.4909296,-3.3550131,0.09632722,1
-5.5358925,-3.4967053,0.21958971,1
-5.286812,-3.3218431,0.17768721,1
-6.354033,-5.2188315,0.39787942,6
-6.435211,-5.0943637,0.49298456,6
-6.4061403,-5.134862,0.44104373,6
3.7591934,-5.9133425,4.188057,0
3.54558,-6.0455165,4.7233386,0
4.921246,-5.4032636,5.1517696,0
-3.922569,-4.9537606,-4.020418,3
-4.568424,-4.691807,-3.2734437,3
-4.325055,-4.596027,-3.3318589,3
-3.864022,5.359915,0.8046615,1
-4.0262127,5.400162,0.9871087,1
-4.0426006,5.450892,1.0055859,1
7.2164335,-3.084192,2.5923717,0
8.407051,-2.337053,3.6756427,0
7.6038094,-3.1281397,3.7390473,0
1.0610926,-1.3652071,-4.5665402,4
1.7202864,-1.3942254,-5.312039,4
0.5875062,-1.4620166,-5.2683315,4
-2.3392875,2.427369,0.3035082,1
-3.3503513,2.4378796,0.64662856,1
-3.6729553,2.4709969,0.75967425,1
6.0264177,-3.6524236,2.4198878,0
6.8857017,-3.5499868,2.68758,0
6.567747,-3.7409832,2.7919376,0
4.2561436,-1.0360489,-4.731337,3
5.064848,0.23900267,-4.133996,3
4.4041023,0.013525919,-4.3939056,3
3.7890785,0.41056547,-5.0889177,3
3.7995548,1.9324386,-4.738846,3
3.6451051,2.607186,-4.6142707,3
-2.8488553,3.9870389,0.33042014,1
-3.7896826,4.8653026,0.662774,1
-3.4360883,5.2043104,0.42138553,1
1.0413715,5.617015,-1.411512,5
0.15842347,6.1348133,-1.2915766,5
-0.25910586,5.856563,-1.1650821,5
9.074771,-1.5780488,4.710127,0
9.001135,-1.6553613,4.9382873,0
8.98346,-1.8773057,4.8095293,0
-2.1594028,-2.606546,0.041630335,2
-2.616621,-1.8630068,0.33735204,2
-3.7651727,-1.34671,1.1462624,2
5.823078,0.38902786,-1.6304973,4
6.6123414,0.16244349,-0.9737427,4
6.1250973,0.71320844,-1.5438728,4
-5.9837523,1.417451,1.5209761,1
-6.350332,1.628746,1.8100828,1
-6.5778527,0.5297709,1.6678202,1
0.934837,6.8131948,-1.1483586,5
0.6230181,6.4447575,-1.4756818,5
0.7122052,6.707732,-1.42062,5
-6.90693,-0.037527308,2.1744854,6
-6.538639,-1.9903346,1.780443,6
-6.699502,-1.8993272,1.9576279,6
8.794802,-2.0381486,4.836193,0
8.771718,-1.8423481,4.708997,0
8.846323,-1.6708543,4.860548,0
-2.5015728,-3.0353355,-4.1580787,3
-3.1293662,-3.320391,-4.0734453,3
-1.8468913,-1.028593,-3.6820762,3
6.1586194,-1.6593065,-1.2367008,4
5.59366,-2.8510425,-0.84336954,4
3.9436233,-2.2510278,-2.0295513,4
-4.4014826,5.0207753,0.69053036,5
-4.9808702,4.751235,0.88998914,5
-3.4023292,5.3700633,0.2518538,5
9.132024,-1.12419,4.2482123,0
9.094832,-0.68348897,4.4406195,0
9.20033,-0.5851324,4.2277145,0
-2.710772,-5.946514,-5.0898433,3
-1.4283229,-5.753497,-6.061053,3
-1.8509316,-5.885245,-5.738893,3
3.6928627,-1.1910555,-1.644693,4
3.2459102,-1.436633,-2.8590143,4
3.4237585,-0.7423898,-2.416003,4
4.302717,-3.4224503,-2.7986858,4
2.4503696,-4.258428,-3.8883107,4
1.8420409,-4.282058,-4.233088,4
-5.3688655,1.421946,1.7377303,1
-5.8249187,0.32982105,1.6777585,1
-6.1580524,-0.26002327,1.8081348,1
-0.3355009,4.717718,-0.6283459,5
-1.4328412,5.087458,-0.41506603,5
-1.1481926,5.146395,-0.5275533,5
-6.285624,-4.264371,0.38195834,6
-6.4517293,-4.2146454,0.81224614,6
-6.3433247,-4.244597,0.6000147,6
8.118586,-1.3909307,3.2559733,0
8.20374,-1.1528515,3.537159,0
8.255398,-1.177824,3.5783486,0
-3.6947455,-5.233054,-3.511583,3
-2.8143246,-5.3249025,-3.68106,3
-2.4791963,-5.464755,-4.0613046,3
-6.9902754,1.7494845,1.6205043,1
-7.0610223,1.0088434,1.5828406,1
-7.1324396,1.3005986,1.70839,1
-6.339269,3.081895,1.7173648,6
-6.529874,2.631268,1.8526952,6
-6.557328,2.5111506,1.807064,6
9.230892,-0.78005856,3.7189052,0
9.178025,-0.7202877,4.0683503,0
9.167532,-0.54356635,4.070333,0
-1.5610062,-4.364824,-4.5100093,3
-2.2912776,-4.4892306,-4.719128,3
-1.0259025,-3.5188768,-4.840371,3
-4.7471232,-6.2823396,-1.5413275,2
-4.885768,-6.4118986,-1.5306034,2
-4.409215,-6.115592,-2.3211074,2
3.6446161,1.8590071,-5.2798996,4
3.7279327,2.2346451,-5.1045065,4
3.7044973,2.1579192,-5.0530868,4
-6.6581597,-2.965208,1.4040725,1
-6.8447537,-2.9467556,1.4018475,1
-6.777534,-2.5137825,1.4698116,1
-1.5132381,2.6026502,-0.9305484,5
-0.7811209,3.9264235,-1.7997438,5
-0.81690025,4.382858,-1.7829257,5
8.832023,-1.2422647,0.897537,0
8.695607,-0.6937508,0.29952902,0
8.944126,-0.4970829,0.17425095,0
0.30482262,-1.212748,-5.389777,3
-0.23019819,-2.0187685,-5.9588704,3
1.1510195,-0.33126158,-5.5416527,3
5.2576146,-0.069197886,-4.6025963,4
5.5080194,0.36009508,-5.200781,4
5.2686243,-0.098261654,-5.059703,4
2.0560844,5.941445,-2.2301726,5
2.811568,4.8235736,-2.5977342,5
2.2524254,5.052662,-2.4803805,5
-5.9675765,2.0494092,0.9041175,6
-6.608626,1.1501718,1.070781,6
-6.7878,0.8384785,1.1734959,6
8.792099,-0.98632306,3.0634365,0
8.670358,-1.2010126,3.2420516,0
8.776599,-1.1808201,3.3987572,0
-0.7462366,-5.3416076,-2.6044092,4
-2.7957122,-6.2698216,-2.2570684,4
-1.92128,-6.183238,-2.8391888,4
-5.353596,1.0575403,1.9678242,1
-5.703514,0.5927364,2.1982253,1
-5.3845935,0.18919027,2.018062,1
0.26409736,3.6900296,-1.4341782,5
-0.6940126,3.6802807,-1.2128692,5
-1.6102282,1.8484204,-1.0916356,5
-5.4579854,-3.31056,-0.7838883,6
-6.370768,-4.4420795,-0.3549988,6
-6.331734,-4.682137,-0.3971699,6
5.8985267,-1.9113872,0.34009245,0
4.8397846,-2.6604471,-0.036781516,0
5.696175,-1.5170076,-0.055935837,0
8.299936,-2.2349694,4.065538,0
8.806523,-1.7344494,4.840484,0
8.67678,-2.1472642,4.8419304,0
0.1736239,-3.8432438,-3.491759,3
0.9821887,-3.822327,-3.5075166,3
2.1793036,-2.6944003,-3.3908622,3
7.9837174,0.2537314,0.9386262,4
8.077189,-0.25672892,1.2230692,4
8.180751,0.3929859,0.96428794,4
-5.116396,5.307474,1.8331246,1
-5.285939,5.1904235,2.0041933,1
-5.1630397,5.357626,1.9197253,1
0.16075543,6.710486,-1.380065,5
-0.9765449,5.917298,-1.2532803,5
-0.2459218,6.8059883,-1.2818828,5
-6.788503,-2.2749043,1.4264724,6
-6.8087635,-2.3861852,1.3732816,6
-6.9348693,-1.9775796,1.5995015,6
8.185217,-0.5077776,3.0504873,0
8.270608,-0.043896858,3.0935733,0
8.138088,-0.048377335,2.8728163,0
-0.8054751,-0.2044662,-4.997808,3
0.7645308,2.3580432,-4.206424,3
0.6640356,3.261063,-3.9307544,3
-3.137491,-5.123533,-4.976031,3
-3.000484,-4.4319096,-4.9045854,3
-3.050145,-4.1197996,-4.816157,3
-6.7862425,2.6409726,2.3799148,1
-7.3539104,0.18688685,2.1638534,1
-7.222634,1.3061011,2.4008207,1
-1.9237936,5.701339,-0.44397765,5
-2.2144825,4.3732076,-0.6081554,5
-2.1378968,4.295668,-0.60830617,5
-7.338155,-1.3188035,2.0449467,6
-7.4048877,-1.9086996,1.9123291,6
-7.481645,-1.3931315,1.9965237,6
7.960007,-1.670282,2.948368,0
8.218735,-1.2256801,3.1062393,0
8.245896,-1.4850199,3.4139266,0
6.4116826,-2.086799,2.1428351,4
6.5402436,-2.009007,2.564857,4
6.9950247,-1.9734279,2.8170133,4
3.799237,2.3926501,-0.6574345,1
3.4436648,3.0779245,-0.71123195,1
3.6189256,3.2408473,-0.835045,1
2.0814512,5.104156,-1.0124853,5
2.649211,5.261204,-1.159975,5
2.649145,5.369137,-1.3111575,5
8.762208,-1.9486892,4.8383384,0
8.762103,-1.6237563,5.1267896,0
8.779805,-1.66376,5.0141406,0
4.4500084,0.032222334,-5.7181206,3
4.78399,0.8729541,-5.575486,3
4.1080656,0.11412829,-6.0078816,3
1.3090916,-2.6886308,3.681205,2
0.4012888,-3.2539742,3.381862,2
1.7463212,-2.7087142,3.3426104,2
2.3946648,5.1449203,-0.8729897,5
1.4531467,5.0066032,-0.82548165,5
1.1496776,4.814615,-0.71571535,5
8.343608,0.21491373,-0.64172703,0
8.638267,0.58889586,-0.40789992,0
8.562325,0.54834133,-0.6222005,0
9.042626,0.550566,2.0654383,0
8.668246,0.4893461,1.8594159,0
8.811496,0.6112242,1.9248387,0
9.39246,-0.07072994,3.0256624,0
9.293468,0.22848786,3.280286,0
9.253785,0.1311637,3.3596973,0
-0.89015716,-6.054188,-5.6012683,3
0.7482226,-4.91129,-5.5240383,3
-0.13095774,-5.3242545,-5.869646,3
-2.053913,-1.9084469,0.5990345,1
-2.5491536,-1.0181851,0.40943626,1
-2.6870947,-1.1638304,0.36234182,1
1.4002694,1.5001512,-1.2066447,5
1.6905049,3.1924944,-1.6129019,5
1.66832,2.9401956,-1.4327554,5
-6.593236,-2.3171146,1.6658248,6
-6.676977,-2.7083282,1.6630944,6
-6.712345,-2.483295,1.7172275,6
8.85785,-1.6315432,3.696766,0
8.824587,-1.65704,3.8046665,0
8.709591,-1.4804634,3.4569356,0
-3.150364,-5.4194636,-4.9324403,3
-3.033741,-5.294518,-5.267288,3
-2.8141847,-5.310017,-5.416401,3
0.2111503,2.058853,-0.19856846,1
-0.21651913,2.4079876,-0.3447868,1
-0.49202892,2.5366619,-0.15899345,1
7.738516,-0.8919995,2.5113032,0
7.9960437,-0.6662124,2.8575158,0
8.066937,-0.45913276,2.8775322,0
-6.700026,-1.7679263,2.121012,6
-6.464388,-1.6336906,2.3298604,6
-6.4424644,-1.6619399,2.287756,6
8.934477,-0.9508568,3.0369296,0
8.87509,-0.5501374,2.4401546,0
8.896945,-0.68756926,2.5348132,0
0.51572144,-2.5003507,-5.7785707,3
1.0765085,-1.2371339,-5.932355,3
0.68797845,-2.0446134,-6.116068,3
-3.4829118,-5.5653725,2.248769,2
-3.6474319,-5.6196632,2.5073159,2
-3.5991864,-5.7102265,2.4265087,2
-0.32442766,-2.6067078,-2.5821483,4
-0.67380905,-3.4321349,-3.6207294,4
-0.503934,-2.7548416,-2.8096497,4
3.7539911,2.388704,-1.2935609,5
3.0630262,2.2421114,-1.1968023,5
3.4754188,2.2158155,-1.2278224,5
9.201825,-0.44875467,3.4990942,0
9.082755,-0.43733886,3.3435326,0
8.9789715,-0.550682,3.1846595,0
9.422242,-0.41151783,2.4719813,0
9.276323,-0.5391752,2.430737,0
9.294068,-0.51424193,2.4102752,0
7.242616,-1.0623537,-3.6832626,0
7.573002,-0.6432872,-2.977625,0
7.4349937,-0.9157681,-3.6233144,0
-2.9085252,-2.6186872,0.7911275,1
-3.426138,-2.1192951,0.98378205,1
-3.7408586,-1.4032387,1.0197426,1
-6.5349236,-3.1615314,1.0555305,6
-6.672611,-3.1864848,1.1375626,6
-6.682256,-3.095161,1.1267605,6
-1.8328241,-4.0350113,-3.8174365,3
-2.0188258,-3.8152857,-3.902226,3
-2.7925608,-4.2731333,-3.8789928,3
-7.047035,-0.48718557,3.1138303,6
-7.1559663,-0.49139705,3.1622689,6
-7.2304387,-0.6146663,3.0669568,6
9.022348,0.7365774,1.6592151,0
8.877759,1.3928479,1.3711817,0
8.899853,1.0922569,1.4799535,0
3.884551,-3.2120042,-3.614123,3
1.0996721,-5.4431252,-3.865586,3
2.3539894,-4.402669,-4.034536,3
-0.43287694,0.22343002,0.30156368,1
0.16414644,2.6064613,0.3101697,1
-0.4933443,2.2557352,0.3761426,1
9.26223,-0.63199186,3.5259693,0
9.216249,-0.3994871,3.629616,0
9.1832,-0.5175884,3.673569,0
3.231891,-0.6496223,-4.622573,3
3.370481,1.4027392,-4.340604,3
3.3652666,1.779386,-4.022285,3
-5.0694976,-6.241589,0.17421892,2
-4.480996,-6.0763407,-0.0445128,2
-4.4230127,-6.2423697,-0.07637396,2
-2.0096667,-4.874761,2.1849124,2
-2.5926669,-4.80083,2.2152472,2
-2.1357822,-4.5088778,2.473944,2
6.2626033,-1.7357215,0.5732571,4
4.979431,-0.7481481,0.67595524,4
4.7038703,-1.3443303,0.5363698,4
-5.0775595,3.4943433,1.8268865,1
-4.8242817,3.8776782,1.7451866,1
-4.9992094,3.5569282,1.842211,1
2.0717113,5.3562374,-1.8304142,5
2.2953749,5.8787394,-1.9747349,5
2.526945,5.4456863,-2.1220264,5
7.6601806,-2.1304715,3.8996823,0
7.2736187,-2.9720073,4.0869627,0
6.9299293,-2.8880944,4.007078,0
-2.908762,-1.6362928,-2.606074,3
-3.5547159,0.5460079,-1.425304,3
-3.5395555,-0.9722468,-2.1827943,3
-6.5668015,-2.413372,1.7464283,2
-6.4362674,-2.4954011,1.5037872,2
-6.490654,-1.9911319,1.8149563,2
5.9003544,-1.3117896,1.8044682,4
4.912239,-0.6467271,0.8169977,4
4.440547,-1.3349841,1.2089236,4
-4.946792,5.6691785,1.800977,1
-5.217485,5.5082383,1.9188527,1
-5.2291675,5.5003953,1.9208974,1
0.7845655,6.799502,-1.0331504,5
0.12521648,7.448291,-0.8949997,5
-0.036845274,7.0605106,-0.9719432,5
-6.3115087,2.4503117,2.3953345,6
-6.6301455,2.0335746,2.4750383,6
-6.500182,2.1408823,2.3909948,6
8.107545,-1.4238417,1.5234728,0
8.694288,-0.778239,1.7018121,0
8.862759,-0.48188353,1.8631194,0
-5.102915,-3.202233,-2.8128958,3
-4.6203465,-1.8074416,-2.6646743,3
-4.8557253,-1.5337228,-2.4842038,3
4.1179185,1.1252933,-2.3070843,4
1.9858459,3.2298853,-2.3607848,4
2.8180907,2.713975,-2.435361,4
-6.171461,3.8032954,2.609753,1
-6.3193784,3.7492685,2.6214569,1
-6.3741274,3.7249444,2.6272798,1
-7.38398,-2.8960977,1.9337492,6
-7.395509,-3.0495112,1.7743202,6
-7.399078,-2.9676664,1.816212,6
8.171449,-2.2172856,3.0242343,0
8.3439,-1.878292,3.1590927,0
7.619853,-2.345028,3.0554569,0
-2.800966,3.0895572,-1.7995429,3
-3.3077128,2.7676632,-1.6414591,3
-4.085447,1.3846279,-1.3444444,3
-5.7157326,-3.049207,1.0889534,2
-6.417449,-3.0543385,1.2913107,2
-6.0867133,-3.1052902,1.2081494,2
-5.1890035,4.249429,1.2504243,1
-5.3327785,4.1366577,1.3794441,1
-5.061682,4.4818463,1.193933,1
-1.4189544,6.968527,-0.7559562,5
-1.4569607,7.2069077,-0.85199225,5
-2.5553355,5.456802,-0.37591937,5
-6.657881,1.1783718,2.5081487,6
-6.852575,0.6364886,2.4827957,6
-6.7674284,0.32263687,2.446005,6
5.6718783,-1.0746018,-1.0448817,0
4.968077,-2.1738575,-1.6855106,0
4.781581,-2.1155329,-1.7142911,0
7.5868235,-2.2089841,-0.22055478,0
7.2501435,-1.4156296,-1.1814959,0
7.1715255,-1.7247157,-1.2785267,0
2.7933638,1.8403171,-3.0061452,4
2.8012323,3.1262581,-2.923478,4
2.3294992,3.6683178,-3.0171008,4
-5.741981,4.850608,1.7069435,1
-5.8000426,4.8698854,1.7937732,1
-5.7841916,4.8396664,1.7507721,1
-1.8520191,7.090179,-0.3889132,5
-2.0728586,7.098331,-0.35722253,5
-1.3782278,7.374405,-0.75914294,5
-7.1176023,0.77883416,2.1155093,6
-7.25715,0.6626358,2.1898074,6
-7.168228,0.96489996,2.0834506,6
7.590906,-1.7485456,1.3912584,0
8.213685,-1.2208779,1.8282686,0
8.216994,-1.0607227,1.726868,0
-6.080454,-3.770524,-1.9598219,3
-6.215007,-3.1707945,-1.5467474,3
-6.0725985,-3.8354692,-2.060678,3
-6.945544,-4.0209603,0.24933568,2
-7.016474,-3.7424893,0.34850797,2
-6.8725963,-3.88975,0.20145005,2
0.19815727,0.64824677,-4.0638533,4
-1.1681769,0.6819758,-3.87268,4
-0.32797927,1.3779116,-4.220739,4
-4.375689,4.7762938,1.0963403,1
-4.7626696,5.2236505,1.4672922,1
-4.976589,4.819049,1.5749034,1
-1.8708161,5.018469,-0.4120491,5
-1.426285,5.326797,-0.65152085,5
-2.4191766,4.9366508,-0.31714725,5
3.9956698,-2.6111786,-3.3652887,0
3.949152,-1.9778773,-3.8970342,0
4.158014,-2.3289094,-3.03387,0
2.9765954,2.9374971,-3.7717905,4
2.684672,3.2230835,-4.853402,4
2.3643076,1.9280523,-5.362956,4
-6.7474732,1.9143504,2.3404963,1
-6.6770115,2.4575605,2.3857512,1
-6.6759477,2.4227767,2.4028442,1
-1.4691333,6.9093413,-0.99747366,5
-1.6938742,6.868971,-0.9981119,5
-1.7358817,7.143484,-0.9153683,5
8.204884,-1.2299931,0.408683,0
7.8730817,-0.6257304,-0.23611757,0
7.8298697,-0.68792987,-0.27922395,0
-6.4219546,-3.8694572,-0.4748019,3
-6.6287904,-3.3440151,-0.06450376,3
-6.7580194,-3.0956178,0.16132346,3
-6.313307,-4.186874,0.58104247,2
-6.311897,-3.9165125,0.7447871,2
-6.4124665,-4.070196,0.81170976,2
-2.397763,-2.9665136,-2.7924223,4
-3.3545659,-3.4332547,-2.3729782,4
-1.3311528,-3.2996995,-3.562605,4
-6.7529716,0.5327089,1.7589018,1
-6.924702,0.46049565,1.9417694,1
-7.226965,-0.34423205,1.8713304,1
-4.200833,4.4348044,0.36212358,5
-4.963392,3.9902315,0.7211649,5
-4.4675565,4.1958656,0.439166,5
-7.3087273,-2.3671267,1.3483893,6
-7.2778645,-2.3429594,1.5056841,6
-7.3861275,-2.2432761,1.5800352,6
1.0089886,-4.4305754,-3.57562,0
1.1582236,-4.5090957,-3.012065,0
1.704461,-4.4571185,-3.1215584,0
-5.417711,-2.9870846,-2.3184261,3
-5.6609564,-2.4242465,-1.7500237,3
-5.880602,-2.5165265,-1.3530997,3
-5.844,-3.6337843,-0.11848503,2
-5.521445,-2.8402076,-0.18198185,2
-5.7064457,-3.2570732,-0.369592,2
3.1304948,0.0405542,-4.3168755,4
1.9160503,-0.03347512,-4.026928,4
1.8475784,-0.3682136,-4.377661,4
-0.46944064,-2.454767,0.2986856,4
-0.7005488,-2.4286017,0.15006141,4
-1.2149776,-2.4938557,0.21232703,4
-5.4430356,5.1035423,1.8957803,1
-4.997907,5.550595,1.7902266,1
-5.2462273,5.2716923,1.9209082,1
-1.1650935,7.8227406,-0.92090255,5
-0.9992454,7.710546,-1.1851593,5
-1.140055,7.4663677,-1.1280415,5
7.5512266,-1.3335817,0.18478456,0
6.839086,-0.6053536,-0.7999985,0
6.9395723,-0.8901866,-0.18032476,0
-5.2876773,-3.691561,0.9938916,2
-5.6718235,-3.6776297,1.0125288,2
-5.4788623,-3.738599,1.0702279,2
1.1418947,4.171452,-3.2725585,4
1.0881953,4.665786,-3.0845692,4
1.2532674,4.5249467,-3.2083845,4
-4.1608562,5.0589128,1.2088293,1
-4.29725,5.56324,1.2787786,1
-4.22064,5.3217063,1.1799101,1
-0.27502105,5.912326,-0.9762523,5
-0.1175585,6.2070265,-1.1708028,5
-1.2110248,6.2378745,-0.7701143,5
5.494296,0.35678354,-3.0262768,0
5.4320636,0.71026313,-2.8431003,0
5.434645,0.5273693,-2.7136402,0
4.7751236,-1.2926997,-1.9576408,0
4.212359,-1.3734701,-1.8485954,0
4.6678033,-1.5310966,-1.65393,0
-2.973612,-5.832158,-4.808059,3
-2.6162403,-5.0389466,-4.825779,3
0.41193694,-3.2435195,-5.384345,3
3.221768,-1.838948,-5.1694226,3
4.66018,0.33317447,-4.257609,3
3.1602972,-1.3489518,-4.613211,3
-1.5973907,-5.217655,4.034576,2
-1.1534733,-4.883116,4.087291,2
-1.3569479,-4.911529,4.1726527,2
1.6562095,4.9403477,-2.1712215,5
1.0113693,5.8238173,-2.0292616,5
1.0753736,5.7948184,-2.101758,5
9.297343,0.15735291,2.5017517,0
8.624755,1.0385946,1.0603422,0
9.0141535,0.6602027,1.7113724,0
9.130201,-0.06852239,2.1830788,0
8.649923,0.6562129,0.8136508,0
8.839341,0.4257928,1.1370074,0
0.5877537,2.154667,-2.3284762,3
2.0069747,1.547971,-2.96978,3
2.1069093,1.4625359,-3.484628,3
-5.521828,-4.659546,2.2920852,2
-5.507534,-4.5834575,2.446367,2
-5.5008006,-4.479825,2.4338732,2
4.1994863,-0.5667779,-1.5605475,4
4.265303,0.79147846,-1.6025977,4
3.7655866,0.19221258,-1.6815321,4
-3.2666292,3.7272277,1.1770755,1
-3.9770932,2.7314558,1.3209437,1
-3.9000247,2.4925551,1.2806941,1
-0.1888127,6.8898683,-1.1970847,5
-1.0767806,7.505783,-0.8100433,5
-0.22046654,7.1575055,-1.2070603,5
-5.4564476,-0.9760678,2.0817285,6
-5.3027463,-0.9952979,1.9943917,6
-5.780684,-1.3902848,2.1415946,6
9.022473,-0.61878836,3.232772,0
9.086882,-0.7525032,3.5021327,0
8.963564,-0.3614689,3.1090934,0
8.48737,0.16257556,1.8547442,0
8.561507,0.5574338,1.9208319,0
8.254134,0.86898774,1.4857763,0
-5.158972,-5.243928,-2.653372,3
-5.032088,-5.425556,-2.8876593,3
-5.135923,-5.4786277,-2.71106,3
-5.9620094,-4.830638,2.531087,2
-6.1278286,-4.5202456,2.6709316,2
-6.005837,-4.521921,2.8065095,2
-1.8620801,6.8960905,0.37394497,1
-2.0449877,6.9377813,0.494389,1
-2.7513957,6.8505893,0.8767398,1
-7.2347274,-0.35388333,2.044587,6
-7.4077353,-0.60098064,2.2833543,6
-7.331472,-0.36798874,2.061682,6
-7.771056,-0.7997693,2.270129,6
-7.659887,-0.48533994,2.257966,6
-7.6374383,-0.21621892,2.2243378,6
8.532864,-0.12560073,0.065805,0
8.743311,0.63092476,0.017161874,0
8.740494,0.88346803,-0.121275425,0
8.791478,-1.6950634,2.4370387,0
7.352188,-1.7158136,-0.277223,0
6.7824726,-0.42292103,-2.241501,0
-2.7445793,-4.4301715,-4.931383,3
-2.9675627,-4.2676497,-4.7560167,3
-2.927325,-3.987847,-4.5439124,3
-3.151794,-6.23638,-4.517053,3
-3.5424974,-6.234933,-4.1730757,3
-3.5326111,-6.229217,-4.067639,3
2.7235332,-1.3105005,-4.8010144,4
1.4338391,-0.5763955,-4.1259875,4
1.2591133,-1.1379324,-4.7436132,4
5.461973,-0.20176752,-1.7678642,4
5.6260977,0.72662157,-2.1146314,4
5.200207,0.5893035,-1.8245448,4
-3.13325,4.6678286,0.6242165,1
-3.1834574,4.9772162,0.7777588,1
-3.1619744,4.2174697,0.8723748,1
-1.0372245,5.579178,-1.0270166,5
-1.7485489,5.0739884,-1.0434722,5
-1.3510077,5.6414084,-1.0953295,5
-6.383676,-0.16098598,1.7891477,6
-6.53401,-0.104975335,1.8463818,6
-6.5888057,-0.29460967,1.8463897,6
-7.0132747,-0.97983146,2.0379188,6
-7.0230894,-2.1876643,1.8389615,6
-7.0260935,-2.184672,1.7638555,6
8.651465,-0.58229715,2.0692198,0
8.371807,-0.27742085,1.5929891,0
8.15936,-0.97687614,1.9239929,0
7.767032,-0.8890384,0.08543094,0
7.6010857,-0.4974692,-0.5711011,0
7.332764,-0.66524357,-0.8369506,0
-2.7153575,-5.409775,-4.8674655,3
-4.6004443,-4.9173937,-3.2289722,3
-4.734116,-4.8734236,-3.1691544,3
-4.9581046,-2.6332712,2.9295053,2
-5.357887,-2.8308523,2.8539147,2
-5.283698,-2.9701867,2.8001351,2
4.548841,-0.27167603,-6.932991,4
5.160763,2.505627,-5.872738,4
5.2665257,1.8625699,-5.8381996,4
-4.4709387,0.58040285,0.12765618,1
-4.5564857,0.78921896,0.14849669,1
-4.6125827,-0.50796735,0.13632967,1
-0.7280113,7.784656,-0.50953317,1
-0.69161105,7.6637673,-0.48059744,1
-1.2454897,7.623698,-0.24864358,1
-0.69022036,7.38287,-1.3166025,5
-1.9595735,7.5248146,-0.51804096,5
-1.3278697,7.511465,-0.92831904,5
-7.5153174,-2.3464558,2.0208395,6
-7.5334063,-2.3374543,1.8798189,6
-7.5477242,-2.3720257,2.0557125,6
6.807677,-1.5103097,-2.5865633,0
8.026908,-0.2926626,-0.84262407,0
7.6368833,-0.7670808,-1.3153732,0
-6.1214046,-3.5136101,-1.0719157,3
-6.3173194,-3.0638838,-0.75509065,3
-6.335635,-2.7130716,-0.86012703,3
-5.3236985,-4.9491596,2.0536678,2
-6.137523,-4.091833,1.6178956,2
-6.001337,-4.2966785,1.6648016,2
0.7692795,-0.955784,-3.153858,4
0.6062541,0.6837696,-3.9734461,4
0.5352093,0.2875881,-3.920526,4
-2.8025215,-2.6346197,-3.069058,4
1.3329839,-0.39646357,-3.148282,4
0.13830504,-0.47923535,-3.207345,4
-2.3674202,2.9952662,-0.046035558,5
-3.2552373,3.5266504,0.35246122,5
-3.0698779,3.132692,0.22912079,5
7.41007,-1.9191866,-0.746466,0
7.0688024,-0.35668066,-2.5250115,0
6.836943,-1.2515582,-2.099448,0
-1.1230602,-5.29209,-6.507713,3
-1.5902406,-5.352471,-6.1071515,3
-1.551994,-4.9590764,-6.0291805,3
4.836052,1.2261194,-6.7611804,4
4.7181244,1.4911761,-6.184493,4
4.6231484,1.9678751,-6.353595,4
-1.3258934,6.9134016,-0.44417167,5
-1.1030751,5.9196935,-0.8325222,5
-1.431663,6.94856,-0.6250541,5
-7.4204617,-1.7540429,1.8197768,6
-7.5073953,-2.0525825,1.7507046,6
-7.504762,-1.9867656,1.6905882,6
7.4046445,-0.45615378,-2.272182,0
7.1243,-0.26636493,-2.4517748,0
6.649354,-1.2775648,-2.3519785,0
7.820942,0.69069785,-0.7601137,0
7.90499,0.77063465,-1.1626403,0
7.5508804,0.71696603,-1.1780945,0
-5.5229354,-5.4190793,-1.8973022,3
-5.7940164,-5.431304,-1.2272706,3
-5.6578493,-5.457764,-1.3979808,3
-5.6554623,-5.6423225,0.65492254,2
-5.7755075,-5.421745,0.87092793,2
-5.518993,-5.5002837,0.8907082,2
-6.2303357,1.1708437,1.0921102,1
-6.410824,1.0556538,1.200145,1
-6.3975697,1.7005966,1.3657552,1
-7.1129556,-3.0198033,1.9070014,6
-7.159673,-2.6126513,2.093332,6
-7.1724653,-2.7456045,2.0205252,6
6.3624983,-2.0372896,-1.0128634,0
5.883043,-1.8746711,-0.9852669,0
6.421648,-1.5424738,-1.2977216,0
-4.4727125,-2.5533319,-2.923736,3
-4.7288527,-2.3991299,-2.7566986,3
-4.8266234,-2.7008555,-2.6950448,3
-6.220976,-5.085346,1.9459869,2
-6.473393,-4.6498156,1.7412705,2
-6.456314,-4.630978,1.900367,2
5.890392,-1.8263707,-2.3517654,4
6.776448,-0.63992715,-0.20599742,4
7.3015027,0.060604434,0.16295959,4
-3.0790424,4.964134,0.5878869,1
-3.7013764,5.823443,0.9933865,1
-4.1197453,4.787473,1.0387785,1
-7.330221,-2.5321252,1.4522065,6
-7.2796926,-3.1880713,1.4011636,6
-7.2504773,-3.3703537,1.5007874,6
7.9058986,-1.2741501,3.1839118,0
7.830022,-0.39040485,2.6375778,0
7.784861,-0.4152049,2.9007385,0
7.382327,0.010939212,-1.3855472,0
8.0426235,0.79151875,-1.1026398,0
7.9246655,0.8565275,-1.5776318,0
-4.722434,-3.1278977,-3.6027806,3
-4.5353837,-3.8229158,-4.0181894,3
-4.9408474,-2.841797,-3.269483,3
-6.192411,-4.8576136,1.4724513,2
-6.275267,-4.6446567,1.4744048,2
-6.315784,-4.713709,1.4206051,2
-3.3994136,4.6417613,0.14886487,1
-1.568798,6.626812,-0.47189158,1
-2.1169996,5.8484755,-0.34129587,1
-2.5000808,4.729482,-0.6153144,5
-3.8309846,3.599755,-0.7065924,5
-2.3222678,4.647082,-0.95725995,5
-7.105652,-2.753914,1.112298,6
-7.310222,-2.3570712,1.2592666,6
-7.2900414,-2.2271175,1.2722973,6
7.2674184,-0.8954692,-0.91208637,0
6.2016106,-1.1184831,-1.9268764,0
6.568027,-1.3658247,-1.5274787,0
0.58257806,-3.9340758,4.2783146,2
0.68290937,-3.6783273,4.3857417,2
0.54938704,-3.8511665,4.3537917,2
5.4270096,3.0440428,-3.8047876,4
4.89956,3.625334,-3.9389484,4
4.6653833,3.6000574,-3.7671134,4
-3.2513745,6.3832026,0.71079034,1
-3.9026961,5.747455,0.8284426,1
-3.926361,6.0069304,0.90738785,1
2.614244,6.4917064,-2.1529,5
1.9952036,6.8920035,-2.0729394,5
2.022652,6.8752885,-2.2281854,5
9.16981,-0.66541517,3.7668772,0
9.161138,-0.30330378,3.745062,0
9.082802,-0.57228,4.024145,0
2.9611049,-3.5575287,-1.3100798,3
1.7947073,-3.0952144,-0.7536394,3
1.386232,-3.1395845,-0.821508,3
-4.2125244,-4.161257,3.1762211,2
-4.515167,-4.185994,3.1257045,2
-4.674793,-4.2762856,3.1298332,2
-4.9497347,2.3542705,2.221935,1
-4.8325286,3.1735563,2.161723,1
-4.5388346,3.9342957,1.9787564,1
1.161571,7.7049885,-1.4398222,5
1.340243,7.5454044,-1.5798703,5
1.153336,7.6951013,-1.4780858,5
-5.885271,-0.9745184,2.65797,6
-6.449484,-1.4745947,2.758645,6
-5.928817,-1.3740242,2.6145415,6
9.089887,-0.180748,3.503139,0
8.987549,-0.29387683,3.5166245,0
8.993466,-0.6315403,3.889719,0
8.625019,0.6348419,2.0489461,0
8.287581,0.87167263,1.6441374,0
8.599304,0.62899846,2.1530967,0
-3.7460093,-3.5799143,-3.7763057,3
-4.1590037,-3.6995456,-3.551855,3
-3.7127411,-2.6856391,-3.609627,3
-1.3780015,-3.8986702,-2.43414,3
-1.9035794,-3.7596233,-2.5817451,3
-1.9617809,-3.828722,-2.46099,3
5.29238,4.1384764,-3.331203,4
4.7896733,4.5602,-3.6643472,4
4.7916265,4.806951,-3.4351795,4
-0.3341871,6.9937115,-0.31279194,5
-0.4216676,6.9000897,-0.5750161,5
-0.72410405,7.2120757,-0.44754758,5
9.154108,0.13520332,3.737512,0
9.137589,-0.10209184,3.8920782,0
9.140439,-0.05708209,3.7274868,0
9.105537,0.7369338,2.4900265,0
9.001943,0.9351168,2.3460093,0
9.050516,0.72472614,2.6136642,0
-2.5472424,-5.062529,0.86641926,2
-2.2837324,-4.957572,1.0930184,2
-2.7006252,-4.857563,0.9675964,2
4.295516,3.1970472,-4.953911,4
3.8505273,3.1709185,-5.4226904,4
3.9399977,3.4279077,-5.280899,4
-4.537871,4.363618,1.3320591,1
-5.0664372,3.9171467,1.4539931,1
-5.5879526,3.360594,1.6314129,1
0.51249474,6.4587827,-1.6979102,5
0.015179053,6.702946,-1.8709905,5
0.02764106,7.0736995,-1.7362393,5
8.605649,-1.1811601,2.029063,0
8.330636,-1.0112212,1.4790632,0
8.522472,-1.0959624,1.6502992,0
0.5843344,-0.96978486,-3.0571225,3
-0.031603303,-1.7840735,-3.6073375,3
0.054941516,-1.7902037,-3.6879191,3
-5.8981256,-2.9586937,1.2819445,2
-5.8787217,-2.47352,1.4006252,2
-5.5912037,-2.4604542,1.4219424,2
7.2499204,0.90810007,-1.5524757,4
7.253399,0.9255685,-1.5472069,4
7.1936913,1.2204071,-1.5477653,4
3.892259,3.9666193,-4.699054,4
4.1914015,4.1455317,-5.2184043,4
3.855739,4.726565,-4.894483,4
-2.9155712,6.8835397,0.043220337,1
-2.5123951,7.5935936,0.017178778,1
-3.087632,7.139661,0.15552554,1
0.48850104,7.0366755,-1.2644131,5
0.044347152,7.4533224,-1.3164914,5
0.07071747,7.5753293,-1.2946917,5
-3.4746466,-5.2987127,1.6262095,2
-3.483389,-5.3255663,1.3546882,2
-3.5092652,-5.5415134,1.4548222,2
-6.222338,1.9868432,1.9843245,1
-5.985609,2.2404208,1.8051882,1
-6.049394,2.015537,1.9078528,1
2.3726532,3.2636232,-2.5867019,5
1.685409,4.4315524,-2.9745948,5
1.7125615,4.1355205,-2.6542373,5
8.086851,-2.4056058,2.0932243,0
7.6059513,-2.1134212,1.0921444,0
7.187125,-2.5081735,0.8515831,0
-1.3093513,-3.8881185,-5.0950804,3
-0.8674328,-3.4437914,-5.2412915,3
-0.7871983,-3.217399,-5.1802855,3
-6.613128,3.001307,2.2028449,1
-6.681157,3.221001,2.2644377,1
-6.959213,2.1694202,2.043192,1
1.0242953,7.550656,-1.4471601,5
1.0499907,7.4960675,-1.4332827,5
1.1995648,7.445428,-1.4405535,5
-6.9673376,-3.0863407,2.1329522,6
-7.051524,-3.0681221,2.140161,6
-7.1112795,-3.1579885,2.0650804,6
8.739932,0.92745036,0.45251647,0
8.760757,0.5222187,0.39368817,0
8.725093,0.6668076,0.28319052,0
9.097087,0.03787339,1.7192594,0
9.162767,-0.40318775,2.213224,0
9.180232,-0.24355242,2.390216,0
-4.836355,-4.245128,-1.4616067,3
-5.0852537,-4.554837,-1.0783564,3
-5.1542563,-4.528663,-1.2235413,3
-3.2156937,5.6489625,0.41329697,1
-3.7314885,5.384889,0.7016542,1
-3.5686111,5.1017146,0.5628882,1
-0.5533572,5.003928,-1.4152087,5
-1.099887,4.925046,-1.3145485,5
-1.3531015,4.762861,-1.083926,5
-6.8130603,-4.3684497,1.2899377,6
-6.784149,-4.4878597,1.2855687,6
-6.804865,-4.379794,1.3800633,6
6.600059,-0.96762365,-0.99953187,0
7.0034714,-0.99275,-0.3236027,0
6.860703,-1.1196516,-0.24584718,0
7.5527167,-0.7671542,-0.7064429,0
7.8405137,-0.18081538,-0.7504677,0
7.247794,-0.50291413,-0.97377175,0
-2.774759,-2.2407155,-2.226697,3
-1.6053923,-1.3490946,-2.9290628,3
-1.7369305,-2.027424,-2.8629034,3
3.9530017,2.2464893,-2.8963244,4
4.112116,2.584383,-3.001226,4
3.6822317,2.8556857,-3.2202563,4
-6.5582113,1.910409,1.78196,1
-6.8337564,0.3575785,2.1948853,1
-6.2232747,2.5578964,1.6928828,1
-0.621962,7.6960936,-1.1018952,5
-0.68570304,7.569364,-1.0813096,5
-0.68133265,7.4665956,-1.233133,5
-7.3729324,-0.24656492,2.5361366,6
-7.290324,-2.359452,2.1471975,6
-7.41079,-2.2436688,2.2456045,6
8.378943,-0.84079933,1.8610471,0
8.267622,-1.3090459,2.14618,0
8.450852,-0.98219633,2.09141,0
3.7123015,-0.3753605,-4.303102,3
2.9998643,-0.5664926,-4.7138653,3
2.9180367,-0.56290644,-4.7071147,3
-5.2604938,2.8314338,1.6423563,1
-5.020248,3.5816267,1.6034402,1
-5.6183147,3.303176,1.7939678,1
-1.5008794,7.6193166,-0.25131953,5
-2.0791776,7.4300323,-0.22715515,5
-1.7108926,7.687242,-0.4217509,5
-0.523631,7.486502,-1.1537348,5
-1.5063503,7.458732,-0.78636485,5
-1.0084776,7.525957,-0.9280605,5
8.030755,-1.0575215,1.4239762,0
8.314111,-0.9105603,2.0604632,0
8.394756,-1.0208943,2.0677218,0
0.083797015,-2.8179104,1.3936526,2
0.6866902,-2.4997005,1.8103493,2
0.42409518,-2.7324986,1.7893401,2
0.39695895,-1.0068686,-0.6190217,4
1.6375134,-0.121268325,-1.7691585,4
0.7842892,-1.1585021,-1.223825,4
-2.4594357,6.816505,0.78714687,1
-3.4084086,6.7218213,1.1581217,1
-3.8485644,6.978704,1.4646178,1
0.2463721,6.641432,-0.6776528,5
0.6680066,6.9798403,-0.9004972,5
0.6324934,7.1574726,-0.901309,5
-7.0208726,-1.6567905,2.4449074,6
-7.1139846,-1.8592817,2.4798522,6
-7.0223317,-1.7848219,2.4395173,6
9.009866,-0.58955204,3.0805304,0
9.020457,-0.36265028,3.0420182,0
9.083485,-0.31090283,3.1582057,0
-4.2159896,-3.464291,2.5952659,2
-4.910469,-2.742022,2.760888,2
-4.8433714,-2.6782858,2.6611624,2
-3.6609137,-3.2543755,1.1564438,2
-3.4174232,-2.762396,1.4549636,2
-3.3615057,-2.837521,1.4939318,2
-3.6791716,2.8514473,1.6481186,1
-3.5451066,2.8445137,1.7201216,1
-3.6931949,3.524695,1.6975461,1
1.6855434,3.91403,-0.32650292,5
0.20647572,4.3176236,-0.07139068,5
0.8847286,5.0610003,-0.3600332,5
-7.000512,-1.1982895,2.5873287,6
-6.9695134,-1.690448,2.583061,6
-7.044078,-1.814021,2.5362692,6
8.689363,-0.5406444,2.352152,0
8.885682,0.08306195,2.5512338,0
8.937652,0.19958465,2.4177165,0
-4.6342487,-2.0578988,-2.276738,3
-3.9258366,-0.016212825,-1.7046266,3
-4.6021695,-1.1090112,-1.7633363,3
-5.681113,-4.5676966,2.6934714,2
-5.4909925,-4.3792696,2.5699136,2
-5.489461,-4.274987,2.5778537,2
5.709852,1.3096228,0.14243837,4
6.2859187,1.5780663,-0.13374402,4
6.0977774,1.4002765,0.060946237,4
-3.602395,5.2404814,1.2980975,1
-4.842307,4.6073403,1.8775688,1
-4.6375113,5.2970667,1.7666756,1
-5.923812,4.3084707,2.837322,1
-6.358935,3.6328375,3.0536625,1
-6.3818264,3.4251919,3.1870093,1
-2.9005256,5.4035873,0.73288655,5
-2.9795325,5.7908716,0.57019573,5
-3.5141494,5.0685124,0.866454,5
-7.6508365,0.3504116,3.0629146,6
-7.665339,0.24286976,2.9962192,6
-7.657424,0.2350414,3.019747,6
9.39731,-1.234057,2.7663994,0
9.595246,-0.7465021,1.7572473,0
9.262524,-1.1215099,2.076595,0
9.127431,1.1248842,1.0470061,0
9.010215,0.76914245,1.7142795,0
8.660024,0.23103556,1.6569415,0
-0.1277828,-3.41681,-4.293556,3
-0.76971775,-2.7075002,-3.4293363,3
-0.47632122,-2.8325262,-3.4453988,3
-1.228801,-3.8456943,1.1049138,2
-1.8149439,-3.6166275,1.2339728,2
-2.3589563,-3.5348756,1.3626252,2
-0.15223594,-0.108289406,-1.7346809,4
1.46449,0.32557195,-2.0240102,4
2.0069096,-0.064086415,-2.313433,4
-3.9229336,3.6985493,1.3980031,1
-4.2085867,3.2378764,1.5508871,1
-4.2775416,3.4652178,1.5578625,1
-7.579328,-1.2482623,2.3508127,6
-7.570888,-1.247202,2.3470967,6
-7.614613,-1.182307,2.3821533,6
7.0056663,-1.4276695,-0.2368549,0
7.051521,-1.743246,0.1131351,0
7.2425146,-1.5353203,0.17394991,0
8.718498,-1.5201925,1.4395282,0
8.807435,-1.5134554,1.1669985,0
8.777276,-1.6075242,1.3285122,0
-4.974198,-3.3426616,3.4845843,2
-4.676957,-3.399863,3.400691,2
-4.695281,-3.2901113,3.458924,2
3.9622977,-0.2096037,-0.5114695,4
3.9612267,0.5436009,-0.5802683,4
4.476015,1.0852621,-0.78432745,4
4.642077,1.6535969,-2.126296,4
4.920434,1.2744108,-2.3220005,4
5.1982026,1.1281303,-2.2237706,4
-6.333697,2.9742749,0.581194,1
-6.3863096,3.273483,1.0596147,1
-6.403691,3.2113745,0.9899526,1
-5.4809494,3.865244,2.0836923,1
-5.585732,3.0840602,2.011388,1
-5.4622626,3.7614079,1.950583,1
-0.7496126,7.569051,-0.3436741,5
-0.9216211,7.559582,-0.12735303,5
-0.8278125,7.599969,-0.2056341,5
-7.591444,-0.5751053,2.6795635,6
-7.581353,-0.8792008,2.6685174,6
-7.597964,-1.0231904,2.5763388,6
9.005877,0.1392732,0.88078314,0
8.787647,1.0678486,0.73921895,0
8.437057,1.3364615,-0.45518255,0
-3.4014003,-4.730584,-5.1465425,3
-3.7409418,-4.684952,-4.70617,3
-3.6278796,-4.621873,-4.9561605,3
-5.3829856,-4.325534,2.551494,2
-5.934837,-4.2033477,2.4206972,2
-5.574694,-4.1610923,2.4546492,2
-0.44537997,-0.92114776,-3.46451,4
0.7721348,0.6324836,-3.2616255,4
1.4948796,0.5598473,-3.661625,4
-6.266172,-1.5816048,2.40858,1
-6.586222,-1.3385639,2.466298,1
-6.4689426,-1.2968483,2.5034034,1
-7.107334,0.035688158,2.1416957,1
-7.132318,0.28865266,2.2179613,1
-6.9045944,0.9033374,2.1938198,1
-7.4050508,-2.7400835,1.9446709,6
-7.411569,-2.6957347,2.0211825,6
-7.460439,-2.2288764,2.0943277,6
8.391088,-1.4960204,2.714021,0
8.040574,-1.2812908,1.9129318,0
8.321084,-1.1657858,2.355727,0
8.709776,-1.0882205,1.0862252,0
8.838445,-0.62744987,0.8359003,0
8.666876,-0.56075066,0.48842695,0
-2.3588278,-5.587326,-5.6706758,3
-2.0136921,-5.1638923,-6.1646743,3
-2.3952456,-5.2027645,-5.8157144,3
-1.604622,-1.8354707,0.9570122,2
-2.8136048,-1.4162343,1.2632506,2
-2.4486475,-1.7218465,1.1396564,2
1.9961197,-0.9580725,-4.517048,4
2.3871202,-1.7109839,-4.416113,4
3.1783051,-0.8667733,-5.449462,4
-2.8986738,6.4284706,0.83836085,1
-3.6170058,6.3091455,1.160182,1
-3.5584083,6.0742283,1.1897547,1
8.067133,-1.5057199,0.48572043,0
7.890089,-1.5441004,1.0524247,0
8.126912,-1.2615095,0.9887445,0
-4.9567986,-5.268087,-1.8545544,3
-4.9775643,-5.190292,-1.9021244,3
-5.010588,-5.0627537,-1.681385,3
-4.4222145,-5.5901437,2.6039739,2
-5.021603,-5.316607,2.814744,2
-4.719817,-5.3788085,2.794682,2
-0.7960766,-3.5932424,-1.7901468,4
1.9586291,-2.586459,-2.246396,4
1.795791,-2.4399319,-2.206475,4
2.8896427,-2.7161634,-2.0158632,4
4.859341,-2.0895183,-2.1025875,4
3.8030298,-2.1286604,-2.4876401,4
-6.376365,-0.08930149,1.8723177,1
-6.182767,1.8228855,2.0906003,1
-5.8426614,1.7992423,1.9599116,1
-2.7553754,0.8379547,0.41847557,5
-3.7169526,1.2100046,0.8366612,5
-3.4933515,0.8840077,0.6605662,5
-7.2329783,-1.6093314,1.8087283,6
-7.3728504,-1.4896027,1.9437718,6
-7.3390093,-1.7956326,1.9002669,6
6.9254184,-0.8535233,-0.9619332,0
7.6696787,-0.42616677,-0.44881126,0
6.7341747,-0.51395077,-1.0557503,0
-3.1624353,-1.9260788,-2.1216595,3
-2.6658552,-1.6026572,-2.196365,3
-2.2260427,-2.6507883,-1.9846056,3
-4.859802,-4.4187274,3.306644,2
-3.5414178,-4.3982205,3.883888,2
-3.4602425,-4.4746222,3.8979793,2
3.607989,-2.9832938,0.33776206,4
6.4259195,-3.0366933,2.3542397,4
4.6945276,-2.896863,1.2661597,4
-6.1166863,2.5798926,2.095957,1
-5.6412363,3.2096608,1.9114368,1
-5.207621,4.0674777,1.7507461,1
-6.704351,1.6038367,2.2883146,1
-6.7417803,1.7042494,2.3189976,1
-6.68686,1.9181885,2.3916755,1
7.9999604,-2.923919,3.2846029,0
8.547452,-1.9136882,3.8659735,0
8.370374,-1.9215443,3.6871722,0
-5.6393595,-4.0579333,-1.3149865,3
-5.3558884,-4.2645316,-1.425855,3
-5.30561,-4.4101257,-1.6181,3
-3.2544081,-2.8143923,1.4166658,2
-3.8889892,-2.93525,1.8578007,2
-3.8347514,-2.6976979,1.7024872,2
3.3368614,0.06609077,-2.7675214,4
4.5104227,0.83401364,-2.2144456,4
4.9311337,1.1572878,-2.30382,4
-5.5967197,2.558618,2.7322052,1
-5.8054376,2.9882405,2.7383962,1
-6.083384,2.473779,2.8593419,1
-7.223069,-1.0217295,2.6016867,6
-7.3350906,-1.4622223,2.3723478,6
-7.2258363,-1.2074989,2.6664584,6
-7.483702,0.67783535,3.1407518,6
-7.519355,0.36828926,3.1072733,6
-7.4935966,0.5307274,3.074276,6
8.042012,-0.43999717,0.28095388,0
7.7695913,-0.24338828,-0.8063487,0
8.00481,-0.5664999,0.26274535,0
7.732612,-0.75835955,-0.45218405,0
8.100791,-0.55422294,-1.169456,0
8.097329,-0.52026814,-0.5370352,0
